model,layer,m,n,k,dv
bert-base-squad-v2,1,512,512,768,768
bert-base-squad-v2,2,512,512,768,768
bert-base-squad-v2,3,512,512,768,768
bert-base-squad-v2,4,512,512,768,768
bert-base-squad-v2,5,512,512,768,768
bert-base-squad-v2,6,512,512,768,768
bert-base-squad-v2,7,512,512,768,768
bert-base-squad-v2,8,512,512,768,768
bert-base-squad-v2,9,512,512,768,768
bert-base-squad-v2,10,512,512,768,768
bert-base-squad-v2,11,512,512,768,768
bert-base-squad-v2,12,512,512,768,768
bert-large-squad-v2,1,512,512,1024,1024
bert-large-squad-v2,2,512,512,1024,1024
bert-large-squad-v2,3,512,512,1024,1024
bert-large-squad-v2,4,512,512,1024,1024
bert-large-squad-v2,5,512,512,1024,1024
bert-large-squad-v2,6,512,512,1024,1024
bert-large-squad-v2,7,512,512,1024,1024
bert-large-squad-v2,8,512,512,1024,1024
bert-large-squad-v2,9,512,512,1024,1024
bert-large-squad-v2,10,512,512,1024,1024
bert-large-squad-v2,11,512,512,1024,1024
bert-large-squad-v2,12,512,512,1024,1024
bert-large-squad-v2,13,512,512,1024,1024
bert-large-squad-v2,14,512,512,1024,1024
bert-large-squad-v2,15,512,512,1024,1024
bert-large-squad-v2,16,512,512,1024,1024
bert-large-squad-v2,17,512,512,1024,1024
bert-large-squad-v2,18,512,512,1024,1024
bert-large-squad-v2,19,512,512,1024,1024
bert-large-squad-v2,20,512,512,1024,1024
bert-large-squad-v2,21,512,512,1024,1024
bert-large-squad-v2,22,512,512,1024,1024
bert-large-squad-v2,23,512,512,1024,1024
bert-large-squad-v2,24,512,512,1024,1024
bert-base-cola,1,512,512,768,768
bert-base-cola,2,512,512,768,768
bert-base-cola,3,512,512,768,768
bert-base-cola,4,512,512,768,768
bert-base-cola,5,512,512,768,768
bert-base-cola,6,512,512,768,768
bert-base-cola,7,512,512,768,768
bert-base-cola,8,512,512,768,768
bert-base-cola,9,512,512,768,768
bert-base-cola,10,512,512,768,768
bert-base-cola,11,512,512,768,768
bert-base-cola,12,512,512,768,768
bert-base-mnli-mm,1,512,512,768,768
bert-base-mnli-mm,2,512,512,768,768
bert-base-mnli-mm,3,512,512,768,768
bert-base-mnli-mm,4,512,512,768,768
bert-base-mnli-mm,5,512,512,768,768
bert-base-mnli-mm,6,512,512,768,768
bert-base-mnli-mm,7,512,512,768,768
bert-base-mnli-mm,8,512,512,768,768
bert-base-mnli-mm,9,512,512,768,768
bert-base-mnli-mm,10,512,512,768,768
bert-base-mnli-mm,11,512,512,768,768
bert-base-mnli-mm,12,512,512,768,768
bert-base-mnli-m,1,512,512,768,768
bert-base-mnli-m,2,512,512,768,768
bert-base-mnli-m,3,512,512,768,768
bert-base-mnli-m,4,512,512,768,768
bert-base-mnli-m,5,512,512,768,768
bert-base-mnli-m,6,512,512,768,768
bert-base-mnli-m,7,512,512,768,768
bert-base-mnli-m,8,512,512,768,768
bert-base-mnli-m,9,512,512,768,768
bert-base-mnli-m,10,512,512,768,768
bert-base-mnli-m,11,512,512,768,768
bert-base-mnli-m,12,512,512,768,768
bert-base-mrpc,1,512,512,768,768
bert-base-mrpc,2,512,512,768,768
bert-base-mrpc,3,512,512,768,768
bert-base-mrpc,4,512,512,768,768
bert-base-mrpc,5,512,512,768,768
bert-base-mrpc,6,512,512,768,768
bert-base-mrpc,7,512,512,768,768
bert-base-mrpc,8,512,512,768,768
bert-base-mrpc,9,512,512,768,768
bert-base-mrpc,10,512,512,768,768
bert-base-mrpc,11,512,512,768,768
bert-base-mrpc,12,512,512,768,768
bert-base-qnli,1,512,512,768,768
bert-base-qnli,2,512,512,768,768
bert-base-qnli,3,512,512,768,768
bert-base-qnli,4,512,512,768,768
bert-base-qnli,5,512,512,768,768
bert-base-qnli,6,512,512,768,768
bert-base-qnli,7,512,512,768,768
bert-base-qnli,8,512,512,768,768
bert-base-qnli,9,512,512,768,768
bert-base-qnli,10,512,512,768,768
bert-base-qnli,11,512,512,768,768
bert-base-qnli,12,512,512,768,768
bert-base-qqp,1,512,512,768,768
bert-base-qqp,2,512,512,768,768
bert-base-qqp,3,512,512,768,768
bert-base-qqp,4,512,512,768,768
bert-base-qqp,5,512,512,768,768
bert-base-qqp,6,512,512,768,768
bert-base-qqp,7,512,512,768,768
bert-base-qqp,8,512,512,768,768
bert-base-qqp,9,512,512,768,768
bert-base-qqp,10,512,512,768,768
bert-base-qqp,11,512,512,768,768
bert-base-qqp,12,512,512,768,768
bert-base-rte,1,512,512,768,768
bert-base-rte,2,512,512,768,768
bert-base-rte,3,512,512,768,768
bert-base-rte,4,512,512,768,768
bert-base-rte,5,512,512,768,768
bert-base-rte,6,512,512,768,768
bert-base-rte,7,512,512,768,768
bert-base-rte,8,512,512,768,768
bert-base-rte,9,512,512,768,768
bert-base-rte,10,512,512,768,768
bert-base-rte,11,512,512,768,768
bert-base-rte,12,512,512,768,768
bert-base-sst2,1,512,512,768,768
bert-base-sst2,2,512,512,768,768
bert-base-sst2,3,512,512,768,768
bert-base-sst2,4,512,512,768,768
bert-base-sst2,5,512,512,768,768
bert-base-sst2,6,512,512,768,768
bert-base-sst2,7,512,512,768,768
bert-base-sst2,8,512,512,768,768
bert-base-sst2,9,512,512,768,768
bert-base-sst2,10,512,512,768,768
bert-base-sst2,11,512,512,768,768
bert-base-sst2,12,512,512,768,768
gpt2-small-1bw,1,1024,1024,768,768
gpt2-small-1bw,2,1024,1024,768,768
gpt2-small-1bw,3,1024,1024,768,768
gpt2-small-1bw,4,1024,1024,768,768
gpt2-small-1bw,5,1024,1024,768,768
gpt2-small-1bw,6,1024,1024,768,768
gpt2-small-1bw,7,1024,1024,768,768
gpt2-small-1bw,8,1024,1024,768,768
gpt2-small-1bw,9,1024,1024,768,768
gpt2-small-1bw,10,1024,1024,768,768
gpt2-small-1bw,11,1024,1024,768,768
gpt2-small-1bw,12,1024,1024,768,768
gpt2-small-ptb,1,1024,1024,768,768
gpt2-small-ptb,2,1024,1024,768,768
gpt2-small-ptb,3,1024,1024,768,768
gpt2-small-ptb,4,1024,1024,768,768
gpt2-small-ptb,5,1024,1024,768,768
gpt2-small-ptb,6,1024,1024,768,768
gpt2-small-ptb,7,1024,1024,768,768
gpt2-small-ptb,8,1024,1024,768,768
gpt2-small-ptb,9,1024,1024,768,768
gpt2-small-ptb,10,1024,1024,768,768
gpt2-small-ptb,11,1024,1024,768,768
gpt2-small-ptb,12,1024,1024,768,768
gpt2-small-wikitext103,1,1024,1024,768,768
gpt2-small-wikitext103,2,1024,1024,768,768
gpt2-small-wikitext103,3,1024,1024,768,768
gpt2-small-wikitext103,4,1024,1024,768,768
gpt2-small-wikitext103,5,1024,1024,768,768
gpt2-small-wikitext103,6,1024,1024,768,768
gpt2-small-wikitext103,7,1024,1024,768,768
gpt2-small-wikitext103,8,1024,1024,768,768
gpt2-small-wikitext103,9,1024,1024,768,768
gpt2-small-wikitext103,10,1024,1024,768,768
gpt2-small-wikitext103,11,1024,1024,768,768
gpt2-small-wikitext103,12,1024,1024,768,768
gpt2-small-wikitext2,1,1024,1024,768,768
gpt2-small-wikitext2,2,1024,1024,768,768
gpt2-small-wikitext2,3,1024,1024,768,768
gpt2-small-wikitext2,4,1024,1024,768,768
gpt2-small-wikitext2,5,1024,1024,768,768
gpt2-small-wikitext2,6,1024,1024,768,768
gpt2-small-wikitext2,7,1024,1024,768,768
gpt2-small-wikitext2,8,1024,1024,768,768
gpt2-small-wikitext2,9,1024,1024,768,768
gpt2-small-wikitext2,10,1024,1024,768,768
gpt2-small-wikitext2,11,1024,1024,768,768
gpt2-small-wikitext2,12,1024,1024,768,768
gpt2-medium-1bw,1,1024,1024,1024,1024
gpt2-medium-1bw,2,1024,1024,1024,1024
gpt2-medium-1bw,3,1024,1024,1024,1024
gpt2-medium-1bw,4,1024,1024,1024,1024
gpt2-medium-1bw,5,1024,1024,1024,1024
gpt2-medium-1bw,6,1024,1024,1024,1024
gpt2-medium-1bw,7,1024,1024,1024,1024
gpt2-medium-1bw,8,1024,1024,1024,1024
gpt2-medium-1bw,9,1024,1024,1024,1024
gpt2-medium-1bw,10,1024,1024,1024,1024
gpt2-medium-1bw,11,1024,1024,1024,1024
gpt2-medium-1bw,12,1024,1024,1024,1024
gpt2-medium-1bw,13,1024,1024,1024,1024
gpt2-medium-1bw,14,1024,1024,1024,1024
gpt2-medium-1bw,15,1024,1024,1024,1024
gpt2-medium-1bw,16,1024,1024,1024,1024
gpt2-medium-1bw,17,1024,1024,1024,1024
gpt2-medium-1bw,18,1024,1024,1024,1024
gpt2-medium-1bw,19,1024,1024,1024,1024
gpt2-medium-1bw,20,1024,1024,1024,1024
gpt2-medium-1bw,21,1024,1024,1024,1024
gpt2-medium-1bw,22,1024,1024,1024,1024
gpt2-medium-1bw,23,1024,1024,1024,1024
gpt2-medium-1bw,24,1024,1024,1024,1024
gpt2-medium-ptb,1,1024,1024,1024,1024
gpt2-medium-ptb,2,1024,1024,1024,1024
gpt2-medium-ptb,3,1024,1024,1024,1024
gpt2-medium-ptb,4,1024,1024,1024,1024
gpt2-medium-ptb,5,1024,1024,1024,1024
gpt2-medium-ptb,6,1024,1024,1024,1024
gpt2-medium-ptb,7,1024,1024,1024,1024
gpt2-medium-ptb,8,1024,1024,1024,1024
gpt2-medium-ptb,9,1024,1024,1024,1024
gpt2-medium-ptb,10,1024,1024,1024,1024
gpt2-medium-ptb,11,1024,1024,1024,1024
gpt2-medium-ptb,12,1024,1024,1024,1024
gpt2-medium-ptb,13,1024,1024,1024,1024
gpt2-medium-ptb,14,1024,1024,1024,1024
gpt2-medium-ptb,15,1024,1024,1024,1024
gpt2-medium-ptb,16,1024,1024,1024,1024
gpt2-medium-ptb,17,1024,1024,1024,1024
gpt2-medium-ptb,18,1024,1024,1024,1024
gpt2-medium-ptb,19,1024,1024,1024,1024
gpt2-medium-ptb,20,1024,1024,1024,1024
gpt2-medium-ptb,21,1024,1024,1024,1024
gpt2-medium-ptb,22,1024,1024,1024,1024
gpt2-medium-ptb,23,1024,1024,1024,1024
gpt2-medium-ptb,24,1024,1024,1024,1024
gpt2-medium-wikitext103,1,1024,1024,1024,1024
gpt2-medium-wikitext103,2,1024,1024,1024,1024
gpt2-medium-wikitext103,3,1024,1024,1024,1024
gpt2-medium-wikitext103,4,1024,1024,1024,1024
gpt2-medium-wikitext103,5,1024,1024,1024,1024
gpt2-medium-wikitext103,6,1024,1024,1024,1024
gpt2-medium-wikitext103,7,1024,1024,1024,1024
gpt2-medium-wikitext103,8,1024,1024,1024,1024
gpt2-medium-wikitext103,9,1024,1024,1024,1024
gpt2-medium-wikitext103,10,1024,1024,1024,1024
gpt2-medium-wikitext103,11,1024,1024,1024,1024
gpt2-medium-wikitext103,12,1024,1024,1024,1024
gpt2-medium-wikitext103,13,1024,1024,1024,1024
gpt2-medium-wikitext103,14,1024,1024,1024,1024
gpt2-medium-wikitext103,15,1024,1024,1024,1024
gpt2-medium-wikitext103,16,1024,1024,1024,1024
gpt2-medium-wikitext103,17,1024,1024,1024,1024
gpt2-medium-wikitext103,18,1024,1024,1024,1024
gpt2-medium-wikitext103,19,1024,1024,1024,1024
gpt2-medium-wikitext103,20,1024,1024,1024,1024
gpt2-medium-wikitext103,21,1024,1024,1024,1024
gpt2-medium-wikitext103,22,1024,1024,1024,1024
gpt2-medium-wikitext103,23,1024,1024,1024,1024
gpt2-medium-wikitext103,24,1024,1024,1024,1024
gpt2-medium-wikitext2,1,1024,1024,1024,1024
gpt2-medium-wikitext2,2,1024,1024,1024,1024
gpt2-medium-wikitext2,3,1024,1024,1024,1024
gpt2-medium-wikitext2,4,1024,1024,1024,1024
gpt2-medium-wikitext2,5,1024,1024,1024,1024
gpt2-medium-wikitext2,6,1024,1024,1024,1024
gpt2-medium-wikitext2,7,1024,1024,1024,1024
gpt2-medium-wikitext2,8,1024,1024,1024,1024
gpt2-medium-wikitext2,9,1024,1024,1024,1024
gpt2-medium-wikitext2,10,1024,1024,1024,1024
gpt2-medium-wikitext2,11,1024,1024,1024,1024
gpt2-medium-wikitext2,12,1024,1024,1024,1024
gpt2-medium-wikitext2,13,1024,1024,1024,1024
gpt2-medium-wikitext2,14,1024,1024,1024,1024
gpt2-medium-wikitext2,15,1024,1024,1024,1024
gpt2-medium-wikitext2,16,1024,1024,1024,1024
gpt2-medium-wikitext2,17,1024,1024,1024,1024
gpt2-medium-wikitext2,18,1024,1024,1024,1024
gpt2-medium-wikitext2,19,1024,1024,1024,1024
gpt2-medium-wikitext2,20,1024,1024,1024,1024
gpt2-medium-wikitext2,21,1024,1024,1024,1024
gpt2-medium-wikitext2,22,1024,1024,1024,1024
gpt2-medium-wikitext2,23,1024,1024,1024,1024
gpt2-medium-wikitext2,24,1024,1024,1024,1024
google/vit-base-patch16-224,1,197,197,768,768
google/vit-base-patch16-224,2,197,197,768,768
google/vit-base-patch16-224,3,197,197,768,768
google/vit-base-patch16-224,4,197,197,768,768
google/vit-base-patch16-224,5,197,197,768,768
google/vit-base-patch16-224,6,197,197,768,768
google/vit-base-patch16-224,7,197,197,768,768
google/vit-base-patch16-224,8,197,197,768,768
google/vit-base-patch16-224,9,197,197,768,768
google/vit-base-patch16-224,10,197,197,768,768
google/vit-base-patch16-224,11,197,197,768,768
google/vit-base-patch16-224,12,197,197,768,768
google/vit-large-patch32-384,1,145,145,1024,1024
google/vit-large-patch32-384,2,145,145,1024,1024
google/vit-large-patch32-384,3,145,145,1024,1024
google/vit-large-patch32-384,4,145,145,1024,1024
google/vit-large-patch32-384,5,145,145,1024,1024
google/vit-large-patch32-384,6,145,145,1024,1024
google/vit-large-patch32-384,7,145,145,1024,1024
google/vit-large-patch32-384,8,145,145,1024,1024
google/vit-large-patch32-384,9,145,145,1024,1024
google/vit-large-patch32-384,10,145,145,1024,1024
google/vit-large-patch32-384,11,145,145,1024,1024
google/vit-large-patch32-384,12,145,145,1024,1024
google/vit-large-patch32-384,13,145,145,1024,1024
google/vit-large-patch32-384,14,145,145,1024,1024
google/vit-large-patch32-384,15,145,145,1024,1024
google/vit-large-patch32-384,16,145,145,1024,1024
google/vit-large-patch32-384,17,145,145,1024,1024
google/vit-large-patch32-384,18,145,145,1024,1024
google/vit-large-patch32-384,19,145,145,1024,1024
google/vit-large-patch32-384,20,145,145,1024,1024
google/vit-large-patch32-384,21,145,145,1024,1024
google/vit-large-patch32-384,22,145,145,1024,1024
google/vit-large-patch32-384,23,145,145,1024,1024
google/vit-large-patch32-384,24,145,145,1024,1024
